{"model_name": "densenet121", "timestamp": "2025-01-18_17-14-30", "epochs": 8, "dataset_size": 220000, "batch_size": 512, "train_losses": [0.16998839771925808, 0.10740644526838068, 0.08261136641336042, 0.06569663424081977, 0.055517303822345515, 0.04658052785959454, 0.03897717811068229, 0.03337925447281017], "val_losses": [0.2052723703476099, 0.12916842229091205, 0.1284125043795659, 0.17512421894531985, 0.1758044067483682, 0.2940452055289195, 0.1430756769501246, 0.22368516601048982], "val_accuracies": [92.74242424242424, 95.4030303030303, 95.4939393939394, 93.71515151515152, 94.15757575757576, 92.62727272727273, 95.46666666666667, 93.84242424242424], "test_accuracy": 93.8969696969697, "test avg_loss": 0.22109891531559137, "train duration": 3881.2821476459503, "test duration": 87.85751271247864}