{"model_name": "resnet50", "timestamp": "2025-01-18_19-18-44", "epochs": 8, "dataset_size": 220000, "batch_size": 512, "train_losses": [0.2006460742102905, 0.1264425204243771, 0.09388476816869257, 0.07513369731233761, 0.06130737706746572, 0.04927617111599129, 0.04011852749347984, 0.03686768196498437], "val_losses": [0.20545249122839707, 0.1531898720906331, 0.17657039303046007, 0.2347340077161789, 0.3946183213820824, 0.18460846531849642, 0.19490609535804163, 0.2494151383638382], "val_accuracies": [92.21515151515152, 94.50909090909092, 93.39090909090909, 93.16060606060607, 88.32424242424243, 94.12727272727273, 93.83333333333333, 94.84545454545454], "test_accuracy": 94.8969696969697, "test avg_loss": 0.23015342836196606, "train duration": 3812.868030309677, "test duration": 76.29805827140808}