{"model_name": "shufflenetv2", "timestamp": "2025-01-20_22-25-37", "epochs": 8, "dataset_size": 220000, "batch_size": 512, "train_losses": [0.21328357980892904, 0.12189611153943199, 0.09243949190821758, 0.07185919636062213, 0.05646645238134156, 0.04686442117185094, 0.039231797245538415, 0.0339525184993233], "val_losses": [0.1576499282167508, 0.13660130237157528, 0.1317080305172847, 0.13439607345140897, 0.1459107274046311, 0.1740371224971918, 0.14691528895726572, 0.1591030274446194], "val_accuracies": [94.0939393939394, 95.13030303030303, 95.45151515151515, 95.3969696969697, 95.36060606060606, 94.68484848484849, 95.5030303030303, 95.82121212121211], "test_accuracy": 95.78181818181818, "test avg_loss": 0.14989287773003945, "train duration": 1828.2462129592896, "test duration": 68.54834794998169}