{"model_name": "efficientnetv2_s", "timestamp": "2025-01-19_13-45-10", "epochs": 8, "dataset_size": 220000, "batch_size": 512, "train_losses": [0.15686207074065542, 0.0819603799907274, 0.056561056666843516, 0.04313401484311221, 0.03431780402087591, 0.026637042368270233, 0.0232258740452078, 0.021440165560612102], "val_losses": [0.11787542769542107, 0.10652566603743113, 0.1132242209636248, 0.10770112155721738, 0.14985936192365792, 0.11552588527019207, 0.10217816961499361, 0.10890100529560676], "val_accuracies": [95.82727272727273, 96.64242424242424, 96.35151515151516, 96.93333333333334, 94.98484848484848, 96.26666666666667, 96.89999999999999, 97.05454545454546], "test_accuracy": 97.06666666666666, "test avg_loss": 0.10749151070530598, "train duration": 4517.092494249344, "test duration": 85.21397757530212}