{"model_name": "mobilenetv2", "timestamp": "2025-01-19_15-14-12", "epochs": 8, "dataset_size": 220000, "batch_size": 512, "train_losses": [0.18137055791394655, 0.11333373740959009, 0.09064085870684184, 0.07716186840916393, 0.0646124538405492, 0.057608729673927016, 0.050981914804029305, 0.044699717077900006], "val_losses": [0.14675881404143112, 0.14951407256034704, 0.12091447493204703, 0.13203341685808623, 0.2156177954031871, 0.11846760809421539, 0.10725286964040537, 0.1412676670230352], "val_accuracies": [94.68181818181817, 94.21515151515152, 95.63333333333334, 95.21212121212122, 93.67575757575757, 96.3, 96.46363636363637, 95.74848484848485], "test_accuracy": 95.74545454545455, "test avg_loss": 0.13991096902352113, "train duration": 2478.7244017124176, "test duration": 69.11958837509155}