{"model_name": "regnetx_400mf", "timestamp": "2025-01-21_21-36-29", "epochs": 8, "dataset_size": 220000, "batch_size": 512, "train_losses": [0.18598925040112776, 0.10072940961764104, 0.07597202712366748, 0.05511960220767612, 0.04667641929787061, 0.03765313390122597, 0.03214817411232232, 0.02844724238871835], "val_losses": [0.17922415125828522, 0.12710659068364363, 0.12540376702180275, 0.17394226216352904, 0.12034122565617929, 0.13006104288192896, 0.13365378930018498, 0.2073325189260336], "val_accuracies": [93.22727272727272, 95.44848484848485, 95.50909090909092, 94.91515151515152, 96.2060606060606, 96.03636363636363, 96.23636363636363, 94.64848484848486], "test_accuracy": 94.83939393939393, "test avg_loss": 0.20498967457276124, "train duration": 2423.475708246231, "test duration": 63.523760080337524}