{"model_name": "resnet18", "timestamp": "2025-01-18_18-37-36", "epochs": 8, "dataset_size": 220000, "batch_size": 512, "train_losses": [0.20372342375227778, 0.12362618259219237, 0.09282411334176, 0.0707866617438207, 0.053479295087811164, 0.04248300165655803, 0.03399013745539707, 0.028953029577654363], "val_losses": [0.15830109314276622, 0.19004980543485053, 0.21026395077888782, 0.2216852252299969, 0.21599979251623153, 0.4241386528198536, 0.2105700467641537, 0.27842922990138713], "val_accuracies": [94.16060606060606, 93.0090909090909, 92.66363636363636, 92.64848484848484, 93.81818181818183, 89.83636363636364, 93.26363636363637, 92.9], "test_accuracy": 93.23636363636363, "test avg_loss": 0.26828679327781385, "train duration": 2261.592733860016, "test duration": 70.68272233009338}