{"model_name": "efficientnetb0", "timestamp": "2025-01-18_18-32-12", "epochs": 8, "dataset_size": 220000, "batch_size": 512, "train_losses": [0.16412804212631577, 0.09151424448380241, 0.06630544503067815, 0.050861888215490356, 0.04061440016727808, 0.03361745908905897, 0.026878372982664163, 0.02451442653758829], "val_losses": [0.11259538783476902, 0.09544129560773189, 0.11728733749343799, 0.12850264620322446, 0.0932761770601456, 0.10006648858006184, 0.10981663998502951, 0.10029272127609987], "val_accuracies": [95.96666666666667, 96.73939393939393, 96.39999999999999, 95.86363636363636, 97.07272727272728, 97.16060606060606, 96.71212121212122, 97.0969696969697], "test_accuracy": 97.30606060606061, "test avg_loss": 0.09509510065500552, "train duration": 2505.8845114707947, "test duration": 68.96526288986206}